{"graph": {"_type": "graph-file", "sha256": "2daea03a5f420192fb3abd399f5f35c843581eb533901cd408b1f1296828292e", "size": 2800, "path": "media/graph/graph_summary_2daea03a5f420192fb3a.graph.json"}, "epoch": 4, "_timestamp": 1710020255.793896, "loss": 2.421452045440674, "accuracy": 0.5005444884300232, "_runtime": 63.279847860336304, "_step": 4, "_wandb": {"runtime": 62}}