{"train/global_step": 2, "_timestamp": 1709915880.739327, "train/Training Loss": 0.21208471059799194, "global_step": 2, "train/Training Accuracy": 0.9425292611122131, "val/global_step": 2, "val/Validation Loss": 0.2846536934375763, "val/Validation Accuracy": 0.9455535411834717, "_runtime": 405.6517069339752, "_step": 2, "_wandb": {"runtime": 301}}